,date,so2,nox,rspm,spm,co2,aqi,location
0,2006-10-05,26,44,130,0,0,120,Swargate
1,2006-10-09,23,36,137,0,0,125,Swargate
2,2006-10-12,26,37,125,0,0,117,Swargate
3,2006-10-16,26,41,132,0,0,121,Swargate
4,2006-10-19,25,44,121,0,0,114,Swargate
5,2006-10-22,28,42,123,0,0,115,Swargate
6,2006-10-23,23,48,129,0,0,119,Swargate
7,2006-10-26,16,42,133,0,0,122,Swargate
8,2006-10-30,26,45,145,0,0,130,Swargate
9,2006-11-02,14,27,41,0,0,41,Swargate
10,2006-11-06,16,34,90,0,0,90,Swargate
11,2006-11-09,19,42,70,0,0,70,Swargate
12,2006-11-13,15,26,125,0,0,117,Swargate
13,2006-11-16,11,38,93,0,0,93,Swargate
14,2006-11-20,14,52,102,0,0,101,Swargate
15,2006-11-23,16,38,175,0,0,150,Swargate
16,2006-11-27,21,47,105,0,0,103,Swargate
17,2006-12-04,25,47,161,0,0,141,Swargate
18,2006-12-07,23,46,134,0,0,123,Swargate
19,2007-01-01,22,43,109,0,0,106,Swargate
20,2007-01-04,21,47,152,0,0,135,Swargate
21,2007-01-08,24,49,140,0,0,127,Swargate
22,2007-01-11,24,48,227,0,0,185,Swargate
23,2007-01-15,26,54,76,0,0,76,Swargate
24,2007-01-18,26,64,26,0,0,80,Swargate
25,2007-01-22,25,54,133,0,0,122,Swargate
26,2007-01-25,24,52,135,0,0,123,Swargate
27,2007-01-29,23,47,206,0,0,171,Swargate
28,2007-02-01,20,47,247,0,0,198,Swargate
29,2007-02-05,26,47,169,0,0,146,Swargate
30,2007-02-08,22,46,194,0,0,163,Swargate
31,2007-02-12,22,43,101,0,0,101,Swargate
32,2007-02-19,22,48,185,0,0,157,Swargate
33,2007-02-22,25,53,238,0,0,192,Swargate
34,2007-02-23,23,49,290,0,0,240,Swargate
35,2007-02-26,22,47,90,0,0,90,Swargate
36,2007-03-05,23,49,104,0,0,103,Swargate
37,2007-03-08,25,50,206,0,0,171,Swargate
38,2007-03-12,15,27,108,0,0,105,Swargate
39,2007-03-15,23,53,157,0,0,138,Swargate
40,2007-03-19,39,47,197,0,0,165,Swargate
41,2007-03-22,18,38,152,0,0,135,Swargate
42,2007-03-26,27,58,303,0,0,253,Swargate
43,2007-03-29,24,51,142,0,0,128,Swargate
44,2007-04-02,18,37,185,0,0,157,Swargate
45,2007-04-05,21,48,136,0,0,124,Swargate
46,2007-04-09,21,48,113,0,0,109,Swargate
47,2007-04-12,21,39,174,0,0,149,Swargate
48,2007-04-16,22,38,97,0,0,97,Swargate
49,2007-04-19,19,52,178,0,0,152,Swargate
50,2007-04-23,27,57,122,0,0,115,Swargate
51,2007-04-26,25,47,83,0,0,83,Swargate
52,2007-04-30,25,50,75,0,0,75,Swargate
53,2007-05-03,23,44,99,0,0,99,Swargate
54,2007-05-07,21,48,92,0,0,92,Swargate
55,2007-05-10,29,57,88,0,0,88,Swargate
56,2007-05-14,36,51,83,0,0,83,Swargate
57,2007-05-17,21,43,91,0,0,91,Swargate
58,2007-05-21,26,51,99,0,0,99,Swargate
59,2007-05-24,18,43,72,0,0,72,Swargate
60,2007-05-28,21,43,36,0,0,54,Swargate
61,2007-05-31,21,49,105,0,0,103,Swargate
62,2007-06-04,17,41,51,0,0,51,Swargate
63,2007-06-07,21,45,65,0,0,65,Swargate
64,2007-06-11,22,40,50,0,0,50,Swargate
65,2007-06-14,20,43,50,0,0,54,Swargate
66,2007-06-18,18,46,60,0,0,60,Swargate
67,2007-06-21,16,31,56,0,0,56,Swargate
68,2007-06-25,13,35,63,0,0,63,Swargate
69,2007-06-28,16,37,61,0,0,61,Swargate
70,2007-07-02,14,32,52,0,0,52,Swargate
71,2007-07-05,16,38,42,0,0,48,Swargate
72,2007-07-09,19,39,26,0,0,49,Swargate
73,2007-07-12,13,35,59,0,0,59,Swargate
74,2007-07-16,17,39,48,0,0,49,Swargate
75,2007-07-19,18,39,58,0,0,58,Swargate
76,2007-07-23,21,40,61,0,0,61,Swargate
77,2007-07-26,16,34,73,0,0,73,Swargate
78,2007-07-30,17,41,90,0,0,90,Swargate
79,2007-08-02,23,38,61,0,0,61,Swargate
80,2007-08-06,14,35,63,0,0,63,Swargate
81,2007-08-09,17,44,54,0,0,55,Swargate
82,2007-08-13,16,44,58,0,0,58,Swargate
83,2007-08-16,15,42,65,0,0,65,Swargate
84,2007-08-20,15,45,93,0,0,93,Swargate
85,2007-08-23,16,42,67,0,0,67,Swargate
86,2007-08-27,12,34,57,0,0,57,Swargate
87,2007-08-30,20,43,67,0,0,67,Swargate
88,2007-09-03,24,28,34,0,0,35,Swargate
89,2007-09-06,17,43,64,0,0,64,Swargate
90,2007-09-10,16,41,45,0,0,51,Swargate
91,2007-09-13,20,49,64,0,0,64,Swargate
92,2007-09-17,20,44,57,0,0,57,Swargate
93,2007-09-20,20,49,57,0,0,61,Swargate
94,2007-09-24,17,37,60,0,0,60,Swargate
95,2007-09-27,18,47,92,0,0,92,Swargate
96,2007-10-01,19,45,77,0,0,77,Swargate
97,2007-10-04,20,50,129,0,0,119,Swargate
98,2007-10-08,22,50,69,0,0,69,Swargate
99,2007-10-11,22,45,96,0,0,96,Swargate
100,2007-10-15,18,44,154,0,0,136,Swargate
101,2007-10-18,18,48,135,0,0,123,Swargate
102,2007-10-22,19,52,93,0,0,93,Swargate
103,2007-10-25,22,49,111,0,0,107,Swargate
104,2007-10-29,18,47,79,0,0,79,Swargate
105,2007-11-01,19,45,72,0,0,72,Swargate
106,2007-11-05,18,44,58,0,0,58,Swargate
107,2007-11-08,19,45,89,0,0,89,Swargate
108,2007-11-12,21,41,133,0,0,122,Swargate
109,2007-11-15,19,50,123,0,0,115,Swargate
110,2007-11-19,20,46,119,0,0,113,Swargate
111,2007-11-22,20,44,114,0,0,109,Swargate
112,2007-11-26,19,43,139,0,0,126,Swargate
113,2007-11-29,15,41,129,0,0,119,Swargate
114,2007-12-03,18,453,152,0,0,444,Swargate
115,2007-12-06,18,48,179,0,0,153,Swargate
116,2007-12-10,23,51,114,0,0,109,Swargate
117,2007-12-13,20,51,86,0,0,86,Swargate
118,2007-12-17,21,49,132,0,0,121,Swargate
119,2007-12-20,17,53,188,0,0,159,Swargate
120,2007-12-24,21,50,137,0,0,125,Swargate
121,2007-12-27,19,47,123,0,0,115,Swargate
122,2007-12-31,20,49,125,0,0,117,Swargate
123,2008-01-03,16,44,115,0,0,110,Swargate
124,2008-01-07,19,43,166,0,0,144,Swargate
125,2008-01-10,22,46,179,0,0,153,Swargate
126,2008-01-14,23,42,203,0,0,169,Swargate
127,2008-01-17,21,40,138,0,0,125,Swargate
128,2008-01-21,20,45,151,0,0,134,Swargate
129,2008-01-24,24,49,130,0,0,120,Swargate
130,2008-01-28,22,46,123,0,0,115,Swargate
131,2008-01-31,17,39,102,0,0,101,Swargate
132,2008-03-03,24,27,185,0,0,157,Swargate
133,2008-03-06,23,26,182,0,0,155,Swargate
134,2008-03-10,21,28,198,0,0,165,Swargate
135,2008-03-13,25,29,105,0,0,103,Swargate
136,2008-03-17,15,19,173,0,0,149,Swargate
137,2008-03-20,19,20,167,0,0,145,Swargate
138,2008-03-24,17,25,102,0,0,101,Swargate
139,2008-03-27,19,18,114,0,0,109,Swargate
140,2008-03-31,19,31,199,0,0,166,Swargate
141,2008-04-03,15,20,109,0,0,106,Swargate
142,2008-04-07,12,23,220,0,0,180,Swargate
143,2008-04-10,25,36,113,0,0,109,Swargate
144,2008-04-14,36,29,103,0,0,102,Swargate
145,2008-04-17,28,27,143,0,0,129,Swargate
146,2008-04-21,21,24,252,0,0,202,Swargate
147,2008-04-27,24,32,83,0,0,83,Swargate
148,2008-04-28,22,34,75,0,0,75,Swargate
149,2008-05-02,21,34,75,0,0,75,Swargate
150,2008-05-05,21,36,79,0,0,79,Swargate
151,2008-05-08,25,38,62,0,0,62,Swargate
152,2008-05-12,18,26,49,0,0,49,Swargate
153,2008-05-15,44,40,72,0,0,72,Swargate
154,2008-05-19,15,30,33,0,0,38,Swargate
155,2008-05-22,20,27,57,0,0,57,Swargate
156,2008-05-26,20,29,58,0,0,58,Swargate
157,2008-05-29,24,34,38,0,0,43,Swargate
158,2008-06-02,21,34,33,0,0,43,Swargate
159,2008-06-05,15,35,33,0,0,44,Swargate
160,2008-06-09,15,29,19,0,0,36,Swargate
161,2008-06-12,19,35,58,0,0,58,Swargate
162,2008-06-16,19,26,43,0,0,43,Swargate
163,2008-06-19,23,34,46,0,0,46,Swargate
164,2008-06-23,21,26,101,0,0,101,Swargate
165,2008-06-26,24,29,23,0,0,36,Swargate
166,2008-06-30,20,31,64,0,0,64,Swargate
167,2008-07-03,18,37,58,0,0,58,Swargate
168,2008-07-07,18,30,16,0,0,38,Swargate
169,2008-07-10,20,31,23,0,0,39,Swargate
170,2008-07-14,19,33,28,0,0,41,Swargate
171,2008-07-17,18,34,55,0,0,55,Swargate
172,2008-07-21,24,33,38,0,0,41,Swargate
173,2008-07-24,18,31,41,0,0,41,Swargate
174,2008-07-28,17,34,164,0,0,143,Swargate
175,2008-07-31,20,29,24,0,0,36,Swargate
176,2008-08-04,25,35,27,0,0,44,Swargate
177,2008-08-07,21,40,128,0,0,119,Swargate
178,2008-08-11,22,41,36,0,0,51,Swargate
179,2008-08-14,23,41,30,0,0,51,Swargate
180,2008-08-18,19,41,42,0,0,51,Swargate
181,2008-08-21,36,46,23,0,0,58,Swargate
182,2008-08-25,27,43,30,0,0,54,Swargate
183,2008-08-28,28,56,41,0,0,70,Swargate
184,2008-09-01,26,40,40,0,0,50,Swargate
185,2008-09-04,17,35,45,0,0,45,Swargate
186,2008-09-08,27,37,42,0,0,46,Swargate
187,2008-09-11,23,36,26,0,0,45,Swargate
188,2008-09-15,22,32,16,0,0,40,Swargate
189,2008-09-18,20,33,58,0,0,58,Swargate
190,2008-09-22,26,34,50,0,0,50,Swargate
191,2008-09-25,24,36,33,0,0,45,Swargate
192,2008-09-29,24,41,42,0,0,51,Swargate
193,2008-10-02,21,32,89,0,0,89,Swargate
194,2008-10-06,25,42,95,0,0,95,Swargate
195,2008-10-09,23,43,117,0,0,111,Swargate
196,2008-10-13,23,40,112,0,0,108,Swargate
197,2008-10-16,23,35,144,0,0,129,Swargate
198,2008-10-20,27,42,129,0,0,119,Swargate
199,2008-10-23,29,48,136,0,0,124,Swargate
200,2008-10-27,23,41,101,0,0,101,Swargate
201,2008-10-30,21,41,131,0,0,121,Swargate
202,2008-11-03,24,36,124,0,0,116,Swargate
203,2008-11-06,22,43,142,0,0,128,Swargate
204,2008-11-10,22,37,150,0,0,133,Swargate
205,2008-11-13,19,39,119,0,0,113,Swargate
206,2008-11-17,27,53,112,0,0,108,Swargate
207,2008-11-20,34,69,58,0,0,86,Swargate
208,2008-11-24,21,44,178,0,0,152,Swargate
209,2008-11-27,31,48,230,0,0,187,Swargate
210,2008-12-01,30,48,86,0,0,86,Swargate
211,2008-12-04,28,70,171,0,0,147,Swargate
212,2008-12-08,30,45,71,0,0,71,Swargate
213,2008-12-11,23,61,180,0,0,153,Swargate
214,2008-12-15,30,69,149,0,0,133,Swargate
215,2008-12-18,23,66,202,0,0,168,Swargate
216,2008-12-22,29,47,169,0,0,146,Swargate
217,2008-12-24,24,48,122,0,0,115,Swargate
218,2008-12-25,23,54,161,0,0,141,Swargate
219,2008-12-26,15,54,112,0,0,108,Swargate
220,2008-12-29,23,70,151,0,0,134,Swargate
221,2008-12-30,14,69,160,0,0,140,Swargate
222,2008-12-31,14,52,179,0,0,153,Swargate
223,2009-01-01,19,60,161,366,0,141,Swargate
224,2009-01-02,20,69,169,418,0,146,Swargate
225,2009-01-04,15,59,148,411,0,132,Swargate
226,2009-01-05,13,61,176,459,0,151,Swargate
227,2009-01-07,13,39,132,327,0,121,Swargate
228,2009-01-08,12,55,121,304,0,114,Swargate
229,2009-01-12,13,63,113,348,0,109,Swargate
230,2009-01-15,17,69,184,532,0,156,Swargate
231,2009-01-19,20,42,200,594,0,167,Swargate
232,2009-01-20,15,45,115,305,0,110,Swargate
233,2009-01-22,20,64,188,614,0,159,Swargate
234,2009-01-26,11,48,170,418,0,147,Swargate
235,2009-01-29,17,63,148,387,0,132,Swargate
236,2009-02-02,16,34,115,389,0,110,Swargate
237,2009-02-05,14,44,98,260,0,98,Swargate
238,2009-02-09,20,43,101,307,0,101,Swargate
239,2009-02-12,14,30,77,296,0,77,Swargate
240,2009-02-16,14,51,158,354,0,139,Swargate
241,2009-02-19,16,39,135,389,0,123,Swargate
242,2009-02-23,25,51,152,410,0,135,Swargate
243,2009-02-26,20,37,114,349,0,109,Swargate
244,2009-03-02,15,39,153,466,0,135,Swargate
245,2009-03-05,14,53,117,280,0,111,Swargate
246,2009-03-09,37,57,91,313,0,91,Swargate
247,2009-03-12,41,74,98,331,0,98,Swargate
248,2009-03-16,41,65,92,250,0,92,Swargate
249,2009-03-19,34,65,96,324,0,96,Swargate
250,2009-03-23,48,91,111,374,0,111,Swargate
251,2009-03-26,47,63,80,280,0,80,Swargate
252,2009-03-30,29,66,106,354,0,104,Swargate
253,2009-04-02,18,56,91,341,0,91,Swargate
254,2009-04-06,24,55,88,279,0,88,Swargate
255,2009-04-09,21,60,96,291,0,96,Swargate
256,2009-04-13,31,67,53,254,0,84,Swargate
257,2009-04-16,23,36,43,222,0,45,Swargate
258,2009-04-20,21,48,85,265,0,85,Swargate
259,2009-04-23,21,49,77,301,0,77,Swargate
260,2009-04-27,34,47,71,362,0,71,Swargate
261,2009-04-30,0,0,0,0,0,0,Swargate
262,2009-05-04,35,43,52,220,0,54,Swargate
263,2009-05-06,35,53,189,417,0,159,Swargate
264,2009-05-07,30,42,81,360,0,81,Swargate
265,2009-05-11,27,59,52,221,0,74,Swargate
266,2009-05-14,40,49,49,162,0,61,Swargate
267,2009-05-18,34,49,33,131,0,61,Swargate
268,2009-05-21,29,50,40,100,0,63,Swargate
269,2009-05-25,36,53,65,209,0,66,Swargate
270,2009-05-28,19,23,45,134,0,45,Swargate
271,2009-06-01,18,28,33,249,0,35,Swargate
272,2009-06-04,23,36,32,145,0,45,Swargate
273,2009-06-08,18,29,100,240,0,100,Swargate
274,2009-06-11,23,19,31,86,0,31,Swargate
275,2009-06-15,31,25,33,142,0,33,Swargate
276,2009-06-18,21,21,42,132,0,42,Swargate
277,2009-06-22,28,30,27,90,0,38,Swargate
278,2009-06-25,31,44,20,126,0,55,Swargate
279,2009-06-29,25,34,26,106,0,43,Swargate
280,2009-07-02,20,33,29,146,0,41,Swargate
281,2009-07-06,28,36,28,140,0,45,Swargate
282,2009-07-12,39,38,42,118,0,48,Swargate
283,2009-07-13,26,41,38,75,0,51,Swargate
284,2009-07-16,29,53,34,74,0,66,Swargate
285,2009-07-20,27,40,74,106,0,74,Swargate
286,2009-07-23,22,47,29,68,0,59,Swargate
287,2009-07-27,22,41,39,98,0,51,Swargate
288,2009-07-30,17,39,40,127,0,49,Swargate
289,2009-08-03,17,23,18,63,0,29,Swargate
290,2009-08-06,21,37,54,149,0,54,Swargate
291,2009-08-10,21,36,26,64,0,45,Swargate
292,2009-08-13,23,38,25,77,0,48,Swargate
293,2009-08-18,14,33,50,111,0,50,Swargate
294,2009-08-20,17,27,41,73,0,41,Swargate
295,2009-08-24,20,42,31,97,0,53,Swargate
296,2009-08-27,18,40,20,11,0,50,Swargate
297,2009-08-31,12,23,22,59,0,29,Swargate
298,2009-09-03,18,28,21,63,0,35,Swargate
299,2009-09-07,24,32,24,58,0,40,Swargate
300,2009-09-10,23,29,37,104,0,37,Swargate
301,2009-09-14,23,26,62,175,0,62,Swargate
302,2009-09-17,23,34,46,133,0,46,Swargate
303,2009-09-21,11,29,39,100,0,39,Swargate
304,2009-09-24,12,32,54,122,0,54,Swargate
305,2009-09-28,16,25,51,135,0,51,Swargate
306,2009-10-01,12,24,40,105,0,40,Swargate
307,2009-10-05,15,22,59,129,0,59,Swargate
308,2009-10-08,13,27,25,64,0,34,Swargate
309,2009-10-12,14,53,66,152,0,66,Swargate
310,2009-10-15,16,49,62,160,0,62,Swargate
311,2009-10-17,21,40,71,246,0,71,Swargate
312,2009-10-19,18,45,104,228,0,103,Swargate
313,2009-10-22,13,40,82,204,0,82,Swargate
314,2009-10-26,30,28,89,200,0,89,Swargate
315,2009-10-29,22,64,144,371,0,129,Swargate
316,2009-11-02,27,42,118,386,0,112,Swargate
317,2009-11-05,18,40,125,313,0,117,Swargate
318,2009-11-09,24,45,62,171,0,62,Swargate
319,2009-11-15,26,40,36,94,0,50,Swargate
320,2009-11-16,17,33,68,138,0,68,Swargate
321,2009-11-19,14,40,115,224,0,110,Swargate
322,2009-11-23,20,46,100,259,0,100,Swargate
323,2009-11-27,14,42,107,235,0,105,Swargate
324,2009-11-29,25,38,88,217,0,88,Swargate
325,2009-12-03,19,56,190,315,0,160,Swargate
326,2009-12-07,14,37,184,342,0,156,Swargate
327,2009-12-10,13,29,161,354,0,141,Swargate
328,2009-12-14,45,39,160,326,0,140,Swargate
329,2009-12-17,46,39,133,315,0,122,Swargate
330,2009-12-21,43,35,156,369,0,137,Swargate
331,2009-12-24,21,20,164,310,0,143,Swargate
332,2009-12-28,18,35,111,237,0,107,Swargate
333,2009-12-31,15,33,181,322,0,154,Swargate
334,2010-01-04,22,44,152,264,0,135,Swargate
335,2010-01-07,16,43,176,394,0,151,Swargate
336,2010-01-11,19,42,87,213,0,87,Swargate
337,2010-01-14,23,48,139,362,0,126,Swargate
338,2010-01-18,23,54,135,309,0,123,Swargate
339,2010-01-21,25,48,175,393,0,150,Swargate
340,2010-01-25,15,49,162,336,0,141,Swargate
341,2010-01-28,16,50,151,312,0,134,Swargate
342,2010-02-01,13,26,139,275,0,126,Swargate
343,2010-02-04,25,34,124,232,0,116,Swargate
344,2010-02-08,24,25,104,217,0,103,Swargate
345,2010-02-11,21,21,81,304,0,81,Swargate
346,2010-02-15,34,28,108,296,0,105,Swargate
347,2010-02-18,23,33,125,383,0,117,Swargate
348,2010-02-22,27,36,124,324,0,116,Swargate
349,2010-02-25,21,41,95,236,0,95,Swargate
350,2010-03-01,49,49,109,264,0,106,Swargate
351,2010-03-04,31,51,72,202,0,72,Swargate
352,2010-03-08,48,51,109,242,0,106,Swargate
353,2010-03-11,23,49,125,353,0,117,Swargate
354,2010-03-15,28,43,85,246,0,85,Swargate
355,2010-03-18,24,52,145,399,0,130,Swargate
356,2010-03-22,42,49,87,265,0,87,Swargate
357,2010-03-25,24,54,94,219,0,94,Swargate
358,2010-03-26,34,33,94,255,0,94,Swargate
359,2010-03-29,42,45,93,298,0,93,Swargate
360,2010-04-01,15,19,54,195,0,54,Swargate
361,2010-04-02,40,39,73,240,0,73,Swargate
362,2010-04-03,34,27,89,353,0,89,Swargate
363,2010-04-05,16,52,101,361,0,101,Swargate
364,2010-04-07,48,49,121,303,0,114,Swargate
365,2010-04-08,22,43,128,392,0,119,Swargate
366,2010-04-10,20,26,73,180,0,73,Swargate
367,2010-04-12,17,36,85,266,0,85,Swargate
368,2010-04-14,17,43,80,239,0,80,Swargate
369,2010-04-15,19,42,74,259,0,74,Swargate
370,2010-04-17,22,36,67,391,0,67,Swargate
371,2010-04-19,19,17,56,251,0,56,Swargate
372,2010-04-21,15,26,63,229,0,63,Swargate
373,2010-04-22,14,53,72,236,0,72,Swargate
374,2010-04-24,42,31,63,226,0,63,Swargate
375,2010-04-26,17,36,72,258,0,72,Swargate
376,2010-04-28,23,19,73,265,0,73,Swargate
377,2010-04-29,16,28,85,303,0,85,Swargate
378,2010-05-03,18,44,82,322,0,82,Swargate
379,2010-05-06,12,33,61,211,0,61,Swargate
380,2010-05-10,18,35,75,225,0,75,Swargate
381,2010-05-13,23,20,49,143,0,49,Swargate
382,2010-05-17,27,38,56,181,0,56,Swargate
383,2010-05-20,35,20,65,307,0,65,Swargate
384,2010-05-24,32,19,39,143,0,39,Swargate
385,2010-05-27,37,11,101,282,0,101,Swargate
386,2010-05-31,17,22,55,350,0,55,Swargate
387,2010-06-03,32,24,40,134,0,40,Swargate
388,2010-06-04,18,24,47,138,0,47,Swargate
389,2010-06-07,10,10,29,103,0,29,Swargate
390,2010-06-10,21,36,66,177,0,66,Swargate
391,2010-06-14,14,31,44,107,0,44,Swargate
392,2010-06-17,15,28,30,63,0,35,Swargate
393,2010-06-21,16,21,22,192,0,26,Swargate
394,2010-06-24,19,21,29,49,0,29,Swargate
395,2010-06-28,19,22,30,139,0,30,Swargate
396,2010-07-01,11,19,31,68,0,31,Swargate
397,2010-07-05,13,14,27,63,0,27,Swargate
398,2010-07-08,12,12,19,44,0,19,Swargate
399,2010-07-12,11,53,21,56,0,66,Swargate
400,2010-07-15,16,26,29,82,0,33,Swargate
401,2010-07-19,13,19,25,59,0,25,Swargate
402,2010-07-22,17,21,34,110,0,34,Swargate
403,2010-07-26,18,22,34,52,0,34,Swargate
404,2010-07-29,35,24,41,41,0,41,Swargate
405,2010-08-02,39,16,36,91,0,36,Swargate
406,2010-08-05,47,21,45,93,0,59,Swargate
407,2010-08-09,46,14,28,87,0,58,Swargate
408,2010-08-12,41,22,34,74,0,51,Swargate
409,2010-08-16,44,25,39,89,0,55,Swargate
410,2010-08-19,29,37,18,43,0,46,Swargate
411,2010-08-23,42,31,25,64,0,53,Swargate
412,2010-08-26,22,29,27,54,0,36,Swargate
413,2010-08-30,14,22,23,88,0,28,Swargate
414,2010-09-02,14,46,24,52,0,58,Swargate
415,2010-09-06,17,30,14,38,0,38,Swargate
416,2010-09-09,16,42,23,107,0,53,Swargate
417,2010-09-13,21,31,17,34,0,39,Swargate
418,2010-09-16,21,19,11,42,0,24,Swargate
419,2010-09-20,25,40,23,64,0,50,Swargate
420,2010-09-23,24,45,64,108,0,64,Swargate
421,2010-09-27,34,22,52,152,0,52,Swargate
422,2010-09-30,29,52,74,229,0,74,Swargate
423,2010-10-04,32,41,46,130,0,51,Swargate
424,2010-10-07,33,17,84,179,0,84,Swargate
425,2010-10-14,20,46,50,116,0,58,Swargate
426,2010-10-18,24,63,84,134,0,84,Swargate
427,2010-10-21,37,56,31,56,0,70,Swargate
428,2010-10-25,21,71,98,172,0,98,Swargate
429,2010-10-28,18,73,69,214,0,91,Swargate
430,2010-11-01,18,61,109,323,0,106,Swargate
431,2010-11-04,29,50,153,267,0,135,Swargate
432,2010-11-08,24,58,87,276,0,87,Swargate
433,2010-11-11,22,57,81,131,0,81,Swargate
434,2010-11-15,20,77,96,259,0,96,Swargate
435,2010-11-18,21,65,98,239,0,98,Swargate
436,2010-11-22,17,62,87,240,0,87,Swargate
437,2010-11-25,19,82,96,210,0,102,Swargate
438,2010-11-26,21,92,236,420,0,191,Swargate
439,2011-01-03,59,118,195,421,0,163,Swargate
440,2011-01-06,28,92,175,447,0,150,Swargate
441,2011-01-10,19,98,180,386,0,153,Swargate
442,2011-01-13,17,98,169,383,0,146,Swargate
443,2011-01-16,17,104,145,538,0,130,Swargate
444,2011-01-20,26,138,155,346,0,158,Swargate
445,2011-01-24,24,101,164,355,0,143,Swargate
446,2011-01-27,11,68,130,346,0,120,Swargate
447,2011-01-31,12,116,147,323,0,136,Swargate
448,2011-02-03,16,110,176,467,0,151,Swargate
449,2011-02-07,19,118,121,299,0,138,Swargate
450,2011-02-10,20,123,133,337,0,143,Swargate
451,2011-02-14,22,93,111,321,0,113,Swargate
452,2011-02-17,22,79,89,228,0,99,Swargate
453,2011-02-21,18,107,391,584,0,351,Swargate
454,2011-02-24,15,38,89,212,0,89,Swargate
455,2011-02-28,14,112,101,265,0,132,Swargate
456,2011-03-03,16,63,104,257,0,103,Swargate
457,2011-03-07,24,80,120,370,0,113,Swargate
458,2011-03-11,11,89,157,417,0,138,Swargate
459,2011-03-14,47,100,133,325,0,122,Swargate
460,2011-03-17,22,119,153,385,0,139,Swargate
461,2011-03-21,23,56,79,224,0,79,Swargate
462,2011-03-24,17,55,75,198,0,75,Swargate
463,2011-03-28,16,82,110,257,0,107,Swargate
464,2011-03-31,21,59,84,270,0,84,Swargate
465,2011-04-04,30,58,68,252,0,73,Swargate
466,2011-04-07,34,72,59,179,0,90,Swargate
467,2011-04-11,31,71,71,207,0,89,Swargate
468,2011-04-14,15,43,73,197,0,73,Swargate
469,2011-04-17,14,67,72,266,0,84,Swargate
470,2011-04-21,25,61,73,260,0,76,Swargate
471,2011-04-25,15,65,87,236,0,87,Swargate
472,2011-05-01,24,61,81,224,0,81,Swargate
473,2011-05-02,21,94,59,232,0,114,Swargate
474,2011-05-05,19,46,59,178,0,59,Swargate
475,2011-05-09,17,45,49,148,0,56,Swargate
476,2011-05-12,16,47,51,214,0,59,Swargate
477,2011-05-16,17,67,81,237,0,84,Swargate
478,2011-05-19,19,34,38,109,0,43,Swargate
479,2011-05-23,35,39,29,101,0,49,Swargate
480,2011-05-29,17,29,52,172,0,52,Swargate
481,2011-07-02,54,59,69,155,0,74,Swargate
482,2011-07-07,46,49,61,106,0,61,Swargate
483,2011-07-11,46,54,46,70,0,68,Swargate
484,2011-07-14,48,50,35,58,0,63,Swargate
485,2011-07-18,53,52,26,63,0,66,Swargate
486,2011-07-21,49,57,27,66,0,71,Swargate
487,2011-07-25,51,57,44,129,0,71,Swargate
488,2011-07-26,62,59,28,63,0,78,Swargate
489,2011-08-01,54,58,24,76,0,73,Swargate
490,2011-08-04,55,57,33,77,0,71,Swargate
491,2011-08-08,51,56,33,66,0,70,Swargate
492,2011-08-11,50,41,31,75,0,63,Swargate
493,2011-08-18,66,57,34,99,0,83,Swargate
494,2011-08-22,57,59,34,67,0,74,Swargate
495,2011-08-25,56,59,14,76,0,74,Swargate
496,2011-08-29,58,49,15,49,0,73,Swargate
497,2011-09-01,62,57,14,21,0,78,Swargate
498,2011-09-05,59,55,42,57,0,74,Swargate
499,2011-09-08,63,50,20,47,0,79,Swargate
500,2011-09-12,25,56,29,67,0,70,Swargate
501,2011-09-15,24,27,73,100,0,73,Swargate
502,2011-09-19,39,25,21,35,0,31,Swargate
503,2011-09-25,13,37,48,86,0,48,Swargate
504,2011-09-26,15,13,28,69,0,28,Swargate
505,2011-10-03,17,28,40,98,0,40,Swargate
506,2011-10-06,14,25,65,115,0,65,Swargate
507,2011-10-10,29,67,55,110,0,84,Swargate
508,2011-10-13,18,67,76,97,0,84,Swargate
509,2011-10-17,24,35,67,148,0,67,Swargate
510,2011-10-20,12,47,64,99,0,64,Swargate
511,2011-10-26,24,64,242,400,0,195,Swargate
512,2011-10-27,17,63,166,308,0,144,Swargate
513,2011-10-31,17,71,122,255,0,115,Swargate
514,2011-11-03,14,90,126,261,0,117,Swargate
515,2011-11-07,22,73,181,335,0,154,Swargate
516,2011-11-10,24,87,124,268,0,116,Swargate
517,2011-11-14,35,91,157,350,0,138,Swargate
518,2011-11-17,19,92,128,227,0,119,Swargate
519,2011-11-21,21,102,169,320,0,146,Swargate
520,2011-11-24,21,103,154,328,0,136,Swargate
521,2011-11-28,30,70,94,256,0,94,Swargate
522,2011-12-01,30,107,124,242,0,127,Swargate
523,2011-12-05,34,87,132,366,0,121,Swargate
524,2011-12-08,12,85,138,364,0,125,Swargate
525,2011-12-11,15,84,126,270,0,117,Swargate
526,2011-12-12,15,104,173,339,0,149,Swargate
527,2011-12-14,14,125,151,329,0,145,Swargate
528,2011-12-15,17,109,189,351,0,159,Swargate
529,2011-12-26,17,83,130,285,0,120,Swargate
530,2011-12-29,13,95,179,305,0,153,Swargate
531,2012-01-02,27,62,145,404,0,130,Swargate
532,2012-01-05,33,102,113,241,0,122,Swargate
533,2012-01-09,28,96,199,448,0,166,Swargate
534,2012-01-12,18,73,195,469,0,163,Swargate
535,2012-01-16,16,80,202,334,0,168,Swargate
536,2012-01-19,16,53,73,214,0,73,Swargate
537,2012-01-23,15,75,115,233,0,110,Swargate
538,2012-01-30,27,68,127,284,0,118,Swargate
539,2012-02-02,14,73,172,356,0,148,Swargate
540,2012-02-06,22,57,122,271,0,115,Swargate
541,2012-02-09,11,56,142,375,0,128,Swargate
542,2012-02-13,14,71,118,213,0,112,Swargate
543,2012-02-16,21,49,104,293,0,103,Swargate
544,2012-02-20,22,71,147,363,0,131,Swargate
545,2012-02-23,23,62,146,427,0,131,Swargate
546,2012-02-27,13,58,135,328,0,123,Swargate
547,2012-03-01,11,33,106,273,0,104,Swargate
548,2012-03-05,15,61,109,277,0,106,Swargate
549,2012-03-08,12,32,66,143,0,66,Swargate
550,2012-03-12,36,58,122,354,0,115,Swargate
551,2012-03-15,18,75,171,521,0,147,Swargate
552,2012-03-19,20,64,126,332,0,117,Swargate
553,2012-03-22,26,73,190,584,0,160,Swargate
554,2012-03-26,20,68,168,439,0,145,Swargate
555,2012-03-29,33,49,102,298,0,101,Swargate
556,2012-04-03,29,41,87,266,0,87,Swargate
557,2012-04-05,26,48,80,262,0,80,Swargate
558,2012-04-09,25,38,72,192,0,72,Swargate
559,2012-04-12,33,35,58,177,0,58,Swargate
560,2012-04-16,32,50,78,285,0,78,Swargate
561,2012-04-19,26,70,73,197,0,88,Swargate
562,2012-04-23,33,42,74,262,0,74,Swargate
563,2012-04-26,28,61,106,390,0,104,Swargate
564,2012-04-30,28,36,68,210,0,68,Swargate
565,2012-05-01,25,28,65,354,0,65,Swargate
566,2012-05-07,22,41,70,214,0,70,Swargate
567,2012-05-10,18,32,57,194,0,57,Swargate
568,2012-05-14,17,37,92,256,0,92,Swargate
569,2012-05-17,45,35,41,279,0,56,Swargate
570,2012-05-20,19,26,63,195,0,63,Swargate
571,2012-05-24,24,24,49,168,0,49,Swargate
572,2012-05-28,37,27,97,215,0,97,Swargate
573,2012-05-31,28,24,43,180,0,43,Swargate
574,2012-06-04,21,24,41,183,0,41,Swargate
575,2012-06-07,19,37,35,131,0,46,Swargate
576,2012-06-11,24,21,32,92,0,32,Swargate
577,2012-06-14,18,27,29,93,0,34,Swargate
578,2012-06-18,17,21,29,69,0,29,Swargate
579,2012-06-21,16,16,42,100,0,42,Swargate
580,2012-06-25,18,27,38,61,0,38,Swargate
581,2012-06-28,16,27,17,38,0,34,Swargate
582,2012-07-02,15,38,42,114,0,48,Swargate
583,2012-07-05,17,20,27,86,0,27,Swargate
584,2012-07-09,15,28,33,52,0,35,Swargate
585,2012-07-12,14,17,25,74,0,25,Swargate
586,2012-07-16,15,55,24,67,0,69,Swargate
587,2012-07-19,20,26,54,196,0,54,Swargate
588,2012-07-23,21,19,30,47,0,30,Swargate
589,2012-07-26,18,21,15,32,0,26,Swargate
590,2012-07-30,19,14,31,54,0,31,Swargate
591,2012-08-02,14,23,35,127,0,35,Swargate
592,2012-08-06,15,22,18,30,0,28,Swargate
593,2012-08-09,22,37,22,64,0,46,Swargate
594,2012-08-13,12,37,15,34,0,46,Swargate
595,2012-08-16,11,20,21,52,0,25,Swargate
596,2012-08-20,13,32,18,34,0,40,Swargate
597,2012-08-23,14,25,18,37,0,31,Swargate
598,2012-08-27,11,15,21,42,0,21,Swargate
599,2012-08-30,22,31,22,45,0,39,Swargate
600,2012-09-03,13,34,6,26,0,43,Swargate
601,2012-09-06,13,21,13,28,0,26,Swargate
602,2012-09-10,16,21,11,65,0,26,Swargate
603,2012-09-13,18,23,19,43,0,29,Swargate
604,2012-09-17,15,16,9,20,0,20,Swargate
605,2012-09-20,20,44,29,54,0,55,Swargate
606,2012-09-24,13,20,27,66,0,27,Swargate
607,2012-09-27,17,52,55,130,0,65,Swargate
608,2012-10-01,14,44,49,91,0,55,Swargate
609,2012-10-04,17,61,56,99,0,76,Swargate
610,2012-10-08,19,55,47,150,0,69,Swargate
611,2012-10-15,17,66,71,160,0,83,Swargate
612,2012-10-18,14,69,105,265,0,103,Swargate
613,2012-10-22,22,68,104,199,0,103,Swargate
614,2012-10-25,15,65,75,142,0,81,Swargate
615,2012-10-29,15,76,97,178,0,97,Swargate
616,2012-10-31,14,86,125,287,0,117,Swargate
617,2012-11-01,14,100,109,251,0,120,Swargate
618,2012-11-08,17,51,85,282,0,85,Swargate
619,2012-11-13,40,71,209,459,0,173,Swargate
620,2012-11-15,14,69,147,239,0,131,Swargate
621,2012-11-19,15,77,165,312,0,143,Swargate
622,2012-11-22,18,71,120,193,0,113,Swargate
623,2012-11-26,17,71,91,254,0,91,Swargate
624,2012-11-29,12,73,84,170,0,91,Swargate
625,2012-12-03,16,85,122,306,0,115,Swargate
626,2012-12-06,19,84,123,259,0,115,Swargate
627,2012-12-10,14,49,77,187,0,77,Swargate
628,2012-12-13,14,63,89,167,0,89,Swargate
629,2012-12-17,11,96,144,321,0,129,Swargate
630,2012-12-20,11,114,166,391,0,144,Swargate
631,2012-12-24,11,112,107,268,0,132,Swargate
632,2012-12-28,12,97,127,250,0,118,Swargate
633,2012-12-31,17,64,103,204,0,102,Swargate
634,2013-01-03,19,86,111,316,0,107,Swargate
635,2013-01-07,17,89,133,263,0,122,Swargate
636,2013-01-14,13,114,140,442,0,134,Swargate
637,2013-01-17,14,69,107,239,0,105,Swargate
638,2013-01-21,14,87,126,296,0,117,Swargate
639,2013-01-24,15,80,95,232,0,0,Swargate
640,2013-01-28,14,76,123,351,0,115,Swargate
641,2013-01-31,10,103,134,237,0,123,Swargate
642,2013-02-04,11,52,91,180,0,91,Swargate
643,2013-02-07,23,64,95,188,0,95,Swargate
644,2013-02-11,21,98,109,264,0,118,Swargate
645,2013-02-15,16,48,87,220,0,87,Swargate
646,2013-02-18,10,90,122,281,0,115,Swargate
647,2013-02-21,21,91,97,415,0,111,Swargate
648,2013-02-25,24,69,89,209,0,89,Swargate
649,2013-02-28,21,98,140,300,0,127,Swargate
650,2013-03-04,18,83,171,476,0,147,Swargate
651,2013-03-07,19,71,188,412,0,159,Swargate
652,2013-03-11,45,66,104,299,0,103,Swargate
653,2013-03-14,24,48,78,216,0,78,Swargate
654,2013-03-18,22,73,84,255,0,91,Swargate
655,2013-03-21,20,54,102,250,0,101,Swargate
656,2013-03-25,25,79,97,243,0,99,Swargate
657,2013-03-28,29,54,87,242,0,87,Swargate
658,2013-04-01,30,33,76,241,0,76,Swargate
659,2013-04-04,21,63,90,211,0,90,Swargate
660,2013-04-08,17,58,92,250,0,92,Swargate
661,2013-04-15,19,51,79,274,0,79,Swargate
662,2013-04-18,18,48,87,239,0,87,Swargate
663,2013-04-22,17,39,62,183,0,62,Swargate
664,2013-04-25,15,36,85,301,0,85,Swargate
665,2013-04-29,22,35,101,205,0,101,Swargate
666,2013-05-04,30,30,58,148,0,58,Swargate
667,2013-05-06,28,42,45,99,0,53,Swargate
668,2013-05-09,24,39,65,169,0,65,Swargate
669,2013-05-13,22,36,60,194,0,60,Swargate
670,2013-05-16,24,37,34,128,0,46,Swargate
671,2013-05-20,24,29,77,216,0,77,Swargate
672,2013-05-23,19,26,58,188,0,58,Swargate
673,2013-05-27,25,22,56,168,0,56,Swargate
674,2013-05-30,19,34,69,145,0,69,Swargate
675,2013-06-03,16,21,56,135,0,56,Swargate
676,2013-06-06,16,21,72,139,0,72,Swargate
677,2013-06-10,15,23,26,62,0,29,Swargate
678,2013-06-13,17,24,73,103,0,73,Swargate
679,2013-06-17,16,27,30,55,0,34,Swargate
680,2013-06-20,17,28,34,59,0,35,Swargate
681,2013-06-25,17,20,55,89,0,55,Swargate
682,2013-06-27,18,23,31,49,0,31,Swargate
683,2013-07-01,20,28,24,54,0,35,Swargate
684,2013-07-04,13,27,34,74,0,34,Swargate
685,2013-07-08,15,27,35,61,0,35,Swargate
686,2013-07-11,12,14,33,57,0,33,Swargate
687,2013-07-15,12,21,34,68,0,34,Swargate
688,2013-07-18,13,21,34,68,0,34,Swargate
689,2013-07-22,11,15,29,74,0,29,Swargate
690,2013-07-25,15,20,22,54,0,25,Swargate
691,2013-07-29,12,20,15,34,0,25,Swargate
692,2013-08-01,30,28,26,57,0,35,Swargate
693,2013-08-05,17,33,24,56,0,41,Swargate
694,2013-08-08,17,26,17,59,0,33,Swargate
695,2013-08-12,14,16,24,49,0,24,Swargate
696,2013-08-19,17,24,18,55,0,30,Swargate
697,2013-08-22,15,23,33,112,0,33,Swargate
698,2013-08-26,16,30,13,46,0,38,Swargate
699,2013-08-29,17,18,14,51,0,23,Swargate
700,2013-09-02,19,26,36,76,0,36,Swargate
701,2013-09-05,40,47,37,54,0,59,Swargate
702,2013-09-09,20,25,53,99,0,53,Swargate
703,2013-09-12,21,32,60,173,0,60,Swargate
704,2013-09-16,19,45,46,63,0,56,Swargate
705,2013-09-21,21,30,25,96,0,38,Swargate
706,2013-09-22,22,34,31,79,0,43,Swargate
707,2013-09-26,18,19,31,104,0,31,Swargate
708,2013-09-30,20,37,142,251,0,128,Swargate
709,2013-10-03,14,27,26,48,0,34,Swargate
710,2013-10-07,26,24,66,121,0,66,Swargate
711,2013-10-10,16,27,31,59,0,34,Swargate
712,2013-10-14,18,25,47,94,0,47,Swargate
713,2013-10-17,17,25,67,127,0,67,Swargate
714,2013-10-21,23,49,84,162,0,84,Swargate
715,2013-10-24,20,54,64,157,0,68,Swargate
716,2013-10-28,20,38,65,109,0,65,Swargate
717,2013-10-31,23,51,98,248,0,98,Swargate
718,2013-11-03,37,63,88,272,0,88,Swargate
719,2013-11-04,13,68,116,289,0,111,Swargate
720,2013-11-11,12,59,102,328,0,101,Swargate
721,2013-11-14,24,39,140,277,0,127,Swargate
722,2013-11-18,22,33,98,220,0,98,Swargate
723,2013-11-21,20,47,140,241,0,127,Swargate
724,2013-11-25,22,38,80,211,0,80,Swargate
725,2013-11-30,17,47,60,337,0,60,Swargate
726,2013-12-02,20,48,107,190,0,105,Swargate
727,2013-12-05,15,62,121,245,0,114,Swargate
728,2013-12-09,13,52,124,349,0,116,Swargate
729,2013-12-12,14,73,179,461,0,153,Swargate
730,2013-12-16,12,56,162,244,0,141,Swargate
731,2013-12-19,16,48,108,215,0,105,Swargate
732,2013-12-23,17,52,119,274,0,113,Swargate
733,2013-12-26,13,27,139,295,0,126,Swargate
734,2013-12-30,17,31,130,317,0,120,Swargate
735,2014-01-02,32,92,83,219,0,112,Swargate
736,2014-01-09,23,64,131,274,0,121,Swargate
737,2014-01-11,16,54,96,328,0,96,Swargate
738,2014-01-13,38,66,126,228,0,117,Swargate
739,2014-01-16,43,40,109,223,0,106,Swargate
740,2014-01-20,36,34,108,327,0,105,Swargate
741,2014-01-23,28,64,115,266,0,110,Swargate
742,2014-01-27,32,87,164,291,0,143,Swargate
743,2014-01-30,31,91,149,313,0,133,Swargate
744,2014-02-03,29,105,154,324,0,136,Swargate
745,2014-02-06,24,78,120,361,0,113,Swargate
746,2014-02-10,24,62,108,393,0,105,Swargate
747,2014-02-13,35,80,57,267,0,0,Swargate
748,2014-02-17,27,71,131,370,0,121,Swargate
749,2014-02-20,17,43,92,259,0,92,Swargate
750,2014-02-24,26,59,88,341,0,88,Swargate
751,2014-02-27,24,55,53,292,0,69,Swargate
752,2014-03-03,21,52,90,242,0,90,Swargate
753,2014-03-06,14,78,91,334,0,98,Swargate
754,2014-03-10,26,70,82,205,0,88,Swargate
755,2014-03-13,42,55,101,281,0,101,Swargate
756,2014-03-17,51,42,98,339,0,98,Swargate
757,2014-03-24,17,77,81,337,0,96,Swargate
758,2014-03-27,31,77,105,350,0,103,Swargate
759,2014-04-03,18,83,121,322,0,114,Swargate
760,2014-04-07,14,67,86,226,0,86,Swargate
761,2014-04-10,19,87,95,291,0,107,Swargate
762,2014-04-14,18,51,105,325,0,103,Swargate
763,2014-04-17,14,68,81,369,0,85,Swargate
764,2014-04-21,18,67,79,302,0,84,Swargate
765,2014-04-24,19,53,74,265,0,74,Swargate
766,2014-04-28,23,45,70,314,0,70,Swargate
767,2014-05-03,18,42,118,366,0,112,Swargate
768,2014-05-07,13,52,85,291,0,85,Swargate
769,2014-05-10,13,33,61,238,0,61,Swargate
770,2014-05-19,14,33,74,197,0,74,Swargate
771,2014-05-21,16,47,93,210,0,93,Swargate
772,2014-05-24,20,38,53,162,0,53,Swargate
773,2014-05-28,19,43,51,189,0,54,Swargate
774,2014-05-31,19,26,48,144,0,48,Swargate
775,2014-06-04,21,28,35,167,0,35,Swargate
776,2014-06-07,16,31,46,150,0,46,Swargate
777,2014-06-11,16,26,37,124,0,37,Swargate
778,2014-06-14,15,26,32,96,0,33,Swargate
779,2014-06-18,16,22,33,85,0,33,Swargate
780,2014-06-21,16,18,79,200,0,79,Swargate
781,2014-06-25,19,26,63,189,0,63,Swargate
782,2014-06-28,20,26,63,180,0,63,Swargate
783,2014-07-01,17,24,147,256,0,131,Swargate
784,2014-07-02,17,16,50,182,0,0,Swargate
785,2014-07-04,18,16,35,109,0,35,Swargate
786,2014-07-05,22,22,54,133,0,54,Swargate
787,2014-07-08,24,21,12,49,0,26,Swargate
788,2014-07-09,19,18,48,153,0,48,Swargate
789,2014-07-11,16,21,47,81,0,47,Swargate
790,2014-07-12,20,20,31,71,0,31,Swargate
791,2014-07-15,16,22,120,161,0,113,Swargate
792,2014-07-16,18,17,24,69,0,24,Swargate
793,2014-07-18,12,16,54,112,0,54,Swargate
794,2014-07-19,21,20,49,79,0,49,Swargate
795,2014-07-22,14,19,48,84,0,48,Swargate
796,2014-07-23,19,19,52,67,0,52,Swargate
797,2014-07-25,16,20,41,99,0,41,Swargate
798,2014-07-26,18,17,57,99,0,57,Swargate
799,2014-07-29,21,23,41,89,0,41,Swargate
800,2014-07-30,30,28,41,168,0,41,Swargate
801,2014-08-02,21,21,29,58,0,29,Swargate
802,2014-08-06,17,16,32,50,0,32,Swargate
803,2014-08-09,23,20,34,79,0,34,Swargate
804,2014-08-13,12,64,28,62,0,80,Swargate
805,2014-08-16,20,21,25,70,0,26,Swargate
806,2014-08-20,20,30,57,122,0,57,Swargate
807,2014-08-23,12,24,64,164,0,64,Swargate
808,2014-08-27,17,21,31,93,0,31,Swargate
809,2014-08-30,14,20,34,70,0,34,Swargate
810,2014-09-03,39,30,14,37,0,38,Swargate
811,2014-09-06,17,49,52,100,0,61,Swargate
812,2014-09-10,40,53,19,84,0,66,Swargate
813,2014-09-13,20,59,8,46,0,74,Swargate
814,2014-09-17,34,52,34,171,0,65,Swargate
815,2014-09-20,40,60,51,117,0,75,Swargate
816,2014-09-24,38,35,118,191,0,112,Swargate
817,2014-09-27,38,53,200,476,0,167,Swargate
818,2014-10-01,32,36,65,179,0,65,Swargate
819,2014-10-04,33,38,66,227,0,66,Swargate
820,2014-10-08,27,37,75,152,0,75,Swargate
821,2014-10-11,30,35,58,251,0,58,Swargate
822,2014-10-18,36,50,67,203,0,67,Swargate
823,2014-10-23,33,46,268,523,0,218,Swargate
824,2014-10-24,15,66,173,413,0,149,Swargate
825,2014-10-25,14,36,75,192,0,75,Swargate
826,2014-11-07,15,48,144,271,0,129,Swargate
827,2014-11-08,37,67,149,285,0,133,Swargate
828,2014-11-12,29,67,94,190,0,94,Swargate
829,2014-11-15,38,83,88,201,0,103,Swargate
830,2014-11-19,39,57,170,429,0,147,Swargate
831,2014-11-22,31,37,119,259,0,113,Swargate
832,2014-11-26,21,49,130,417,0,120,Swargate
833,2014-11-29,19,35,129,327,0,119,Swargate
834,2014-12-03,26,60,138,277,0,125,Swargate
835,2014-12-06,21,60,180,356,0,153,Swargate
836,2014-12-10,28,76,171,350,0,147,Swargate
837,2014-12-13,29,67,77,430,0,84,Swargate
838,2014-12-17,15,93,152,324,0,135,Swargate
839,2014-12-20,16,97,169,343,0,146,Swargate
840,2014-12-24,19,80,179,474,0,153,Swargate
841,2014-12-27,21,81,176,350,0,151,Swargate
842,2014-12-30,17,90,154,505,0,136,Swargate
843,2015-01-03,18,115,116,250,0,135,Swargate
844,2015-01-07,28,118,105,241,0,138,Swargate
845,2015-01-10,31,116,151,247,0,136,Swargate
846,2015-01-14,23,105,153,345,0,135,Swargate
847,2015-01-18,21,73,161,300,0,141,Swargate
848,2015-01-21,24,104,100,279,0,124,Swargate
849,2015-01-24,20,101,121,386,0,121,Swargate
850,2015-01-28,14,167,106,313,0,187,Swargate
851,2015-01-31,17,124,149,349,0,144,Swargate
852,2015-02-04,22,85,139,95,0,126,Swargate
853,2015-02-07,47,76,141,346,0,127,Swargate
854,2015-02-11,44,84,90,346,0,104,Swargate
855,2015-02-14,20,62,174,408,0,149,Swargate
856,2015-02-18,21,73,104,299,0,103,Swargate
857,2015-02-25,29,42,108,331,0,105,Swargate
858,2015-02-28,20,48,77,317,0,77,Swargate
859,2015-03-01,20,53,95,369,0,95,Swargate
860,2015-03-04,23,45,118,306,0,112,Swargate
861,2015-03-06,22,57,125,264,0,117,Swargate
862,2015-03-14,24,74,71,192,0,93,Swargate
863,2015-03-18,24,41,101,275,0,101,Swargate
864,2015-03-25,22,75,118,337,0,112,Swargate
865,2015-04-01,9,58,101,290,0,101,Swargate
866,2015-04-04,11,62,66,257,0,78,Swargate
867,2015-04-08,6,42,97,287,0,97,Swargate
868,2015-04-11,12,60,75,316,0,75,Swargate
869,2015-04-15,14,50,100,375,0,100,Swargate
870,2015-04-18,23,55,84,308,0,84,Swargate
871,2015-04-22,10,70,74,186,0,88,Swargate
872,2015-04-24,15,92,95,392,0,112,Swargate
873,2015-04-29,15,53,208,272,0,172,Swargate
874,2015-05-02,15,63,77,275,0,79,Swargate
875,2015-05-06,29,45,77,321,0,77,Swargate
876,2015-05-09,30,41,93,426,0,93,Swargate
877,2015-05-13,16,127,77,276,0,147,Swargate
878,2015-05-16,12,30,62,185,0,62,Swargate
879,2015-05-20,16,49,242,426,0,195,Swargate
880,2015-05-23,17,26,139,293,0,126,Swargate
881,2015-05-27,19,35,72,184,0,72,Swargate
882,2015-05-30,17,62,64,162,0,78,Swargate
883,2015-06-03,14,35,62,251,0,62,Swargate
884,2015-06-06,15,52,91,272,0,91,Swargate
885,2015-06-10,13,29,27,119,0,36,Swargate
886,2015-06-13,16,24,39,173,0,39,Swargate
887,2015-06-17,17,23,84,133,0,84,Swargate
888,2015-06-20,15,24,37,72,0,37,Swargate
889,2015-06-24,22,40,20,49,0,50,Swargate
890,2015-07-04,10,31,28,131,0,39,Swargate
891,2015-07-08,16,61,25,98,0,76,Swargate
892,2015-07-11,11,35,131,267,0,121,Swargate
893,2015-07-15,10,29,61,220,0,61,Swargate
894,2015-07-22,10,33,54,72,0,54,Swargate
895,2015-07-25,14,33,27,38,0,41,Swargate
896,2015-07-29,14,15,36,102,0,36,Swargate
897,2015-08-10,16,13,30,55,0,30,Swargate
898,2015-08-12,11,36,42,87,0,45,Swargate
899,2015-08-15,19,29,33,55,0,36,Swargate
900,2015-08-26,31,29,40,73,0,40,Swargate
901,2015-08-29,28,30,34,88,0,38,Swargate
902,2015-09-02,20,39,50,126,0,50,Swargate
903,2015-09-05,20,48,68,190,0,68,Swargate
904,2015-09-10,18,48,205,237,0,170,Swargate
905,2015-09-12,30,51,45,147,0,64,Swargate
906,2015-09-16,22,47,33,66,0,59,Swargate
907,2015-09-19,17,28,18,44,0,35,Swargate
908,2015-09-23,18,64,38,65,0,80,Swargate
909,2015-09-26,16,51,68,78,0,68,Swargate
910,2015-10-03,27,43,35,61,0,54,Swargate
911,2015-10-07,20,80,123,271,0,115,Swargate
912,2015-10-10,21,41,62,163,0,62,Swargate
913,2015-10-14,23,86,150,441,0,133,Swargate
914,2015-10-17,18,71,160,536,0,140,Swargate
915,2015-10-21,23,76,95,231,0,95,Swargate
916,2015-10-24,21,59,67,205,0,74,Swargate
917,2015-10-28,26,78,115,243,0,110,Swargate
918,2015-10-31,21,86,236,347,0,191,Swargate
919,2015-11-05,31,83,125,248,0,117,Swargate
920,2015-11-07,21,99,122,300,0,119,Swargate
921,2015-11-10,22,104,164,373,0,143,Swargate
922,2015-11-11,55,86,216,434,0,177,Swargate
923,2015-11-12,27,100,174,220,0,149,Swargate
924,2015-11-25,24,142,149,425,0,162,Swargate
925,2015-11-28,39,73,286,752,0,236,Swargate
926,2015-12-05,32,122,151,418,0,142,Swargate
927,2015-12-09,25,137,137,391,0,157,Swargate
928,2015-12-12,20,90,69,189,0,110,Swargate
929,2015-12-17,39,121,130,244,0,141,Swargate
930,2015-12-19,34,105,117,225,0,125,Swargate
931,2015-12-20,21,73,105,278,0,103,Swargate
932,2015-12-23,45,100,96,200,0,120,Swargate
933,2015-12-26,26,106,177,429,0,151,Swargate
934,2015-12-30,35,133,168,331,0,153,Swargate
935,2016-01-02,24,128,108,275,0,148,Swargate
936,2016-01-06,27,125,175,365,0,150,Swargate
937,2016-01-09,26,93,134,346,0,123,Swargate
938,2016-01-13,17,83,122,288,0,115,Swargate
939,2016-01-16,30,54,58,189,0,68,Swargate
940,2016-01-20,20,112,150,483,0,133,Swargate
941,2016-01-23,23,128,184,550,0,156,Swargate
942,2016-01-27,17,119,115,277,0,139,Swargate
943,2016-01-30,22,129,152,372,0,149,Swargate
944,2016-02-03,34,82,115,355,0,110,Swargate
945,2016-02-06,38,57,79,279,0,79,Swargate
946,2016-02-10,24,82,104,316,0,103,Swargate
947,2016-02-13,25,79,97,353,0,99,Swargate
948,2016-02-17,23,82,92,453,0,102,Swargate
949,2016-02-21,23,89,96,337,0,109,Swargate
950,2016-02-24,20,56,96,403,0,96,Swargate
951,2016-02-26,22,94,146,377,0,131,Swargate
952,2016-03-02,19,77,190,539,0,160,Swargate
953,2016-03-05,44,98,112,393,0,118,Swargate
954,2016-03-09,25,119,128,470,0,139,Swargate
955,2016-03-12,22,66,115,432,0,110,Swargate
956,2016-03-16,16,46,86,222,0,86,Swargate
957,2016-03-19,17,76,118,377,0,112,Swargate
958,2016-03-23,21,89,151,444,0,134,Swargate
959,2016-03-30,28,51,112,308,0,108,Swargate
960,2016-04-02,19,48,76,230,0,76,Swargate
961,2016-04-06,17,74,105,279,0,103,Swargate
962,2016-04-09,28,70,110,191,0,107,Swargate
963,2016-04-13,23,36,82,299,0,82,Swargate
964,2016-04-16,27,63,61,313,0,79,Swargate
965,2016-04-20,26,57,70,245,0,71,Swargate
966,2016-04-23,22,31,64,209,0,64,Swargate
967,2016-04-27,15,87,85,309,0,107,Swargate
968,2016-04-30,24,27,67,261,0,67,Swargate
969,2016-05-02,20,26,53,216,0,53,Swargate
970,2016-05-11,24,61,60,257,0,76,Swargate
971,2016-05-14,29,35,66,237,0,66,Swargate
972,2016-05-18,13,34,55,185,0,55,Swargate
973,2016-05-21,16,32,60,181,0,60,Swargate
974,2016-05-25,21,34,43,241,0,43,Swargate
975,2016-05-28,12,48,49,240,0,60,Swargate
976,2016-06-01,10,46,59,220,0,59,Swargate
977,2016-06-04,20,45,61,223,0,61,Swargate
978,2016-06-08,20,37,38,117,0,46,Swargate
979,2016-06-10,13,74,31,101,0,93,Swargate
980,2016-06-15,21,63,37,162,0,79,Swargate
981,2016-06-17,13,37,52,151,0,52,Swargate
982,2016-06-22,14,113,33,92,0,133,Swargate
983,2016-06-25,11,220,17,40,0,240,Swargate
984,2016-06-29,17,323,26,45,0,336,Swargate
985,2016-07-02,40,142,51,166,0,162,Swargate
986,2016-07-10,22,143,20,39,0,163,Swargate
987,2016-07-13,21,90,50,132,0,110,Swargate
988,2016-07-16,34,69,115,244,0,110,Swargate
989,2016-07-20,36,54,40,66,0,68,Swargate
990,2016-07-23,29,34,27,166,0,43,Swargate
991,2016-07-27,21,38,48,179,0,48,Swargate
992,2016-07-30,16,34,57,170,0,57,Swargate
993,2016-08-06,44,51,25,62,0,64,Swargate
994,2016-08-10,23,68,22,46,0,85,Swargate
995,2016-08-13,33,36,30,190,0,45,Swargate
996,2016-08-20,38,43,46,188,0,54,Swargate
997,2016-08-24,14,81,34,161,0,101,Swargate
998,2016-08-27,19,36,34,120,0,45,Swargate
999,2016-08-31,24,45,31,143,0,56,Swargate
1000,2016-09-03,29,46,39,98,0,58,Swargate
1001,2016-09-07,29,30,58,172,0,58,Swargate
1002,2016-09-10,18,103,58,646,0,123,Swargate
1003,2016-09-17,21,44,19,48,0,55,Swargate
1004,2016-09-21,16,119,88,232,0,139,Swargate
1005,2016-09-24,39,49,27,90,0,61,Swargate
1006,2016-09-28,21,77,43,277,0,96,Swargate
1007,2016-10-01,16,33,23,128,0,41,Swargate
1008,2016-10-05,18,24,50,83,0,50,Swargate
1009,2016-10-08,41,49,64,352,0,64,Swargate
1010,2016-10-12,41,65,84,220,0,84,Swargate
1011,2016-10-15,34,68,104,522,0,103,Swargate
1012,2016-10-19,27,96,119,399,0,116,Swargate
1013,2016-10-22,33,77,119,273,0,113,Swargate
1014,2016-10-26,28,104,147,499,0,131,Swargate
1015,2016-10-29,27,84,179,515,0,153,Swargate
1016,2016-10-30,52,99,302,486,0,252,Swargate
1017,2016-10-31,26,110,248,776,0,199,Swargate
1018,2016-11-09,23,62,153,398,0,135,Swargate
1019,2016-11-16,24,114,196,693,0,164,Swargate
1020,2016-11-19,26,139,174,295,0,159,Swargate
1021,2016-11-23,30,84,211,644,0,174,Swargate
1022,2016-11-26,29,117,205,787,0,170,Swargate
1023,2016-11-30,28,201,189,646,0,221,Swargate
1024,2016-12-03,35,171,177,773,0,191,Swargate
1025,2016-12-07,31,158,236,680,0,191,Swargate
1026,2016-12-10,27,136,181,577,0,156,Swargate
1027,2016-12-14,31,139,146,468,0,159,Swargate
1028,2016-12-17,34,156,151,733,0,176,Swargate
1029,2016-12-21,16,143,227,629,0,185,Swargate
1030,2016-12-23,19,153,224,505,0,183,Swargate
1031,2016-12-28,19,162,264,929,0,214,Swargate
1032,2016-12-31,20,173,228,716,0,193,Swargate
1033,2017-01-04,14,130,179,637,0,153,Swargate
1034,2017-01-07,14,94,132,388,0,121,Swargate
1035,2017-01-11,14,155,130,421,0,175,Swargate
1036,2017-01-14,16,110,142,382,0,130,Swargate
1037,2017-01-18,25,145,180,420,0,165,Swargate
1038,2017-02-01,25,116,162,594,0,141,Swargate
1039,2017-02-04,17,112,156,509,0,137,Swargate
1040,2017-02-08,17,165,147,516,0,185,Swargate
1041,2017-02-11,19,64,106,773,0,104,Swargate
1042,2017-02-23,17,179,138,388,0,199,Swargate
1043,2017-02-25,26,162,176,524,0,182,Swargate
1044,2017-03-01,35,76,166,581,0,144,Swargate
1045,2017-03-04,23,101,125,370,0,121,Swargate
1046,2017-03-08,17,81,91,796,0,101,Swargate
1047,2017-03-11,13,61,56,363,0,76,Swargate
1048,2017-03-13,17,78,105,300,0,103,Swargate
1049,2017-03-18,19,72,86,347,0,90,Swargate
1050,2017-03-22,26,88,99,326,0,108,Swargate
1051,2017-03-25,16,84,125,344,0,117,Swargate
1052,2017-03-28,15,77,96,345,0,96,Swargate
1053,2017-04-01,23,91,82,309,0,111,Swargate
1054,2017-04-05,28,55,60,276,0,69,Swargate
1055,2017-04-08,33,58,157,308,0,138,Swargate
1056,2017-04-12,25,91,109,362,0,111,Swargate
1057,2017-04-15,22,67,93,233,0,93,Swargate
1058,2017-04-19,23,48,71,191,0,71,Swargate
1059,2017-04-22,11,46,62,250,0,62,Swargate
1060,2017-04-26,18,82,85,310,0,102,Swargate
1061,2017-04-29,22,57,91,337,0,91,Swargate
1062,2017-05-03,29,59,80,520,0,80,Swargate
1063,2017-05-06,14,76,65,265,0,95,Swargate
1064,2017-05-13,26,105,148,394,0,132,Swargate
1065,2017-05-17,23,43,65,244,0,65,Swargate
1066,2017-05-20,28,44,117,332,0,111,Swargate
1067,2017-05-27,28,47,50,271,0,59,Swargate
1068,2017-05-31,24,59,50,228,0,74,Swargate
1069,2017-06-03,26,72,59,253,0,90,Swargate
1070,2017-06-07,28,62,98,281,0,98,Swargate
1071,2017-06-10,30,48,78,323,0,78,Swargate
1072,2017-06-14,21,75,123,235,0,115,Swargate
1073,2017-06-17,15,62,56,247,0,78,Swargate
1074,2017-06-21,8,32,31,110,0,40,Swargate
1075,2017-06-28,18,59,21,62,0,74,Swargate
1076,2017-07-01,29,39,16,75,0,49,Swargate
1077,2017-07-05,27,43,21,92,0,54,Swargate
1078,2017-07-08,13,56,27,80,0,70,Swargate
1079,2017-07-12,10,32,33,71,0,40,Swargate
1080,2017-07-15,10,27,56,129,0,56,Swargate
1081,2017-07-19,12,48,29,41,0,60,Swargate
1082,2017-07-26,8,46,42,93,0,58,Swargate
1083,2017-07-29,15,55,51,85,0,69,Swargate
1084,2017-08-02,12,36,34,91,0,45,Swargate
1085,2017-08-05,21,42,29,155,0,53,Swargate
1086,2017-08-09,26,28,17,55,0,35,Swargate
1087,2017-08-12,28,20,19,84,0,25,Swargate
1088,2017-08-16,16,55,28,114,0,69,Swargate
1089,2017-08-19,16,39,22,42,0,49,Swargate
1090,2017-08-23,15,32,20,168,0,40,Swargate
1091,2017-09-02,16,31,68,151,0,68,Swargate
1092,2017-09-09,37,86,48,163,0,106,Swargate
1093,2017-09-13,22,49,40,70,0,61,Swargate
1094,2017-09-16,15,35,25,52,0,44,Swargate
1095,2017-09-23,21,33,26,92,0,41,Swargate
1096,2017-09-27,14,47,39,194,0,59,Swargate
1097,2017-10-05,13,40,113,277,0,109,Swargate
1098,2017-10-06,12,51,61,171,0,64,Swargate
1099,2017-10-11,21,43,45,149,0,54,Swargate
1100,2017-10-14,21,66,57,170,0,83,Swargate
1101,2017-10-19,29,69,220,411,0,180,Swargate
1102,2017-10-20,21,40,80,168,0,80,Swargate
1103,2017-10-21,23,32,77,159,0,77,Swargate
1104,2017-10-25,26,110,88,362,0,130,Swargate
1105,2017-10-29,23,100,101,239,0,120,Swargate
1106,2017-11-01,22,102,135,416,0,123,Swargate
1107,2017-11-08,20,99,89,220,0,119,Swargate
1108,2017-11-11,22,109,131,170,0,129,Swargate
1109,2017-11-22,20,173,101,177,0,193,Swargate
1110,2017-11-29,21,148,99,278,0,168,Swargate
1111,2017-12-02,31,107,148,340,0,132,Swargate
1112,2017-12-06,21,84,40,122,0,104,Swargate
1113,2017-12-09,13,88,133,273,0,122,Swargate
1114,2017-12-20,18,107,159,375,0,139,Swargate
1115,2017-12-23,20,88,155,402,0,137,Swargate
1116,2017-12-27,23,102,189,322,0,159,Swargate
1117,2017-12-30,27,149,165,229,0,169,Swargate
1118,2018-01-03,28,112,149,359,0,133,Swargate
1119,2018-01-06,31,97,114,218,0,117,Swargate
1120,2018-01-10,33,118,70,210,0,138,Swargate
1121,2018-01-13,37,109,133,195,0,129,Swargate
1122,2018-01-17,12,50,95,251,0,95,Swargate
1123,2018-01-20,19,63,107,380,0,105,Swargate
1124,2018-01-24,24,99,110,290,0,119,Swargate
1125,2018-01-27,27,76,119,280,0,113,Swargate
1126,2018-01-31,27,116,118,292,0,136,Swargate
1127,2018-02-03,27,116,142,234,0,136,Swargate
1128,2018-02-07,19,157,97,265,0,177,Swargate
1129,2018-02-10,19,131,93,250,0,151,Swargate
1130,2018-02-14,9,129,128,280,0,149,Swargate
1131,2018-02-21,41,111,132,318,0,131,Swargate
1132,2018-02-24,27,125,136,332,0,145,Swargate
1133,2018-02-28,22,115,149,377,0,135,Swargate
1134,2018-03-01,18,114,135,407,0,134,Swargate
1135,2018-03-07,50,96,111,327,0,116,Swargate
1136,2018-03-10,23,125,77,111,0,145,Swargate
1137,2018-03-21,33,101,82,242,0,121,Swargate
1138,2018-03-24,38,60,106,307,0,104,Swargate
1139,2018-03-28,36,85,107,171,0,105,Swargate
1140,2018-03-31,25,57,67,182,0,71,Swargate
1141,2018-04-04,23,67,84,310,0,84,Swargate
1142,2018-04-07,25,51,80,288,0,80,Swargate
1143,2018-04-11,10,94,119,310,0,114,Swargate
1144,2018-04-18,40,60,98,206,0,98,Swargate
1145,2018-06-02,36,86,54,136,0,106,Swargate
1146,2018-06-06,41,71,47,187,0,89,Swargate
1147,2018-06-09,25,47,18,149,0,59,Swargate
1148,2018-06-13,27,44,42,123,0,55,Swargate
1149,2018-06-20,33,59,45,141,0,74,Swargate
1150,2018-06-22,40,64,91,156,0,91,Swargate
1151,2018-06-27,32,39,28,102,0,49,Swargate
1152,2018-06-30,44,64,32,148,0,80,Swargate
1153,2018-07-04,28,88,18,50,0,108,Swargate
1154,2018-07-07,14,39,34,49,0,49,Swargate
1155,2018-07-14,44,67,27,47,0,84,Swargate
1156,2018-07-18,42,45,18,30,0,56,Swargate
1157,2018-07-21,47,57,15,28,0,71,Swargate
1158,2018-07-25,32,44,26,49,0,55,Swargate
1159,2018-07-28,30,45,13,34,0,56,Swargate
1160,2018-08-31,53,72,14,148,0,90,Swargate
1161,2018-09-05,73,65,13,81,0,91,Swargate
1162,2018-09-08,52,64,37,164,0,80,Swargate
1163,2018-09-12,42,32,32,109,0,53,Swargate
1164,2018-09-26,44,66,47,59,0,83,Swargate
1165,2018-09-29,49,56,69,154,0,70,Swargate
1166,2018-10-03,46,100,50,150,0,120,Swargate
1167,2018-10-07,43,66,89,314,0,89,Swargate
1168,2018-10-10,32,112,84,292,0,132,Swargate
1169,2018-10-13,42,102,85,295,0,122,Swargate
1170,2018-10-29,48,146,103,221,0,166,Swargate
1171,2018-11-01,50,110,136,340,0,130,Swargate
1172,2018-11-02,51,46,115,180,0,110,Swargate
1173,2018-11-03,59,97,75,240,0,117,Swargate
1174,2018-11-29,44,155,158,276,0,175,Swargate
1175,2018-12-01,46,84,166,301,0,144,Swargate
1176,2018-12-05,53,108,142,342,0,128,Swargate
1177,2018-12-08,33,106,95,296,0,126,Swargate
1178,2018-12-12,40,102,94,252,0,122,Swargate
1179,2018-12-15,33,71,145,347,0,130,Swargate
1180,2018-12-16,35,118,176,345,0,151,Swargate
1181,2018-12-18,49,148,156,369,0,168,Swargate
1182,2018-12-25,49,167,189,350,0,187,Swargate
1183,2018-12-29,39,108,179,551,0,153,Swargate
1184,2019-01-01,31,78,163,362,0,142,Swargate
1185,2019-01-12,37,103,179,444,0,153,Swargate
1186,2019-01-18,41,100,134,300,0,123,Swargate
1187,2019-01-19,50,132,172,446,0,152,Swargate
1188,2019-01-23,47,138,210,558,0,173,Swargate
1189,2019-02-02,29,88,82,259,0,108,Swargate
1190,2019-02-09,39,96,171,422,0,147,Swargate
